{"cameraMode":{"drawMode":0,"name":"Shaded","section":"Shading Mode"},"sceneLighting":true,"audioPlay":false,"sceneViewState":{"showFog":true,"showMaterialUpdate":false,"showSkybox":true,"showFlares":true,"showImageEffects":true,"showParticleSystems":true},"in2DMode":false,"pivot":{"x":-20.613845825195314,"y":-3.734527587890625,"z":264.277587890625},"rotation":{"x":0.26159414649009707,"y":0.10830283164978028,"z":-0.029554128646850587,"w":0.9586265683174133},"size":256.1026611328125,"orthographic":true}